20220101041216,http://web.archive.org/web/20220101041216/https://www.foxnews.com/category/us/crime,yes
20220103013528,http://web.archive.org/web/20220103013528/https://www.foxnews.com/category/us/crime,yes
20220104001517,http://web.archive.org/web/20220104001517/https://www.foxnews.com/category/us/crime,yes
20220104235419,http://web.archive.org/web/20220104235419/https://www.foxnews.com/category/us/crime,yes
20220106012025,http://web.archive.org/web/20220106012025/https://www.foxnews.com/category/us/crime,yes
20220107001317,http://web.archive.org/web/20220107001317/https://www.foxnews.com/category/us/crime,yes
20220108004055,http://web.archive.org/web/20220108004055/https://www.foxnews.com/category/us/crime,yes
20220108232455,http://web.archive.org/web/20220108232455/https://www.foxnews.com/category/us/crime,yes
20220110001832,http://web.archive.org/web/20220110001832/https://www.foxnews.com/category/us/crime,yes
20220111005948,http://web.archive.org/web/20220111005948/https://www.foxnews.com/category/us/crime,yes
20220112014511,http://web.archive.org/web/20220112014511/https://www.foxnews.com/category/us/crime,yes
20220112204132,http://web.archive.org/web/20220112204132/https://www.foxnews.com/category/us/crime,yes
20220113214325,http://web.archive.org/web/20220113214325/https://www.foxnews.com/category/us/crime,yes
20220115023637,http://web.archive.org/web/20220115023637/https://www.foxnews.com/category/us/crime,yes
20220116063639,http://web.archive.org/web/20220116063639/https://www.foxnews.com/category/us/crime,yes
20220118235054,http://web.archive.org/web/20220118235054/https://www.foxnews.com/category/us/crime,yes
20220119232157,http://web.archive.org/web/20220119232157/https://www.foxnews.com/category/us/crime,yes
20220120230656,http://web.archive.org/web/20220120230656/https://www.foxnews.com/category/us/crime,yes
20220121225440,http://web.archive.org/web/20220121225440/https://www.foxnews.com/category/us/crime,yes
20220123010628,http://web.archive.org/web/20220123010628/https://www.foxnews.com/category/us/crime,yes
20220125000740,http://web.archive.org/web/20220125000740/https://www.foxnews.com/category/us/crime,yes
20220125233218,http://web.archive.org/web/20220125233218/https://www.foxnews.com/category/us/crime,yes
20220126122546,http://web.archive.org/web/20220126122546/https://www.foxnews.com/category/us/crime,yes
20220127215212,http://web.archive.org/web/20220127215212/https://www.foxnews.com/category/us/crime,yes
20220128232553,http://web.archive.org/web/20220128232553/https://www.foxnews.com/category/us/crime,yes
20220129233649,http://web.archive.org/web/20220129233649/https://www.foxnews.com/category/us/crime,yes
20220130235415,http://web.archive.org/web/20220130235415/https://www.foxnews.com/category/us/crime,yes
20220201000055,http://web.archive.org/web/20220201000055/https://www.foxnews.com/category/us/crime,yes
20220201021236,http://web.archive.org/web/20220201021236/https://www.foxnews.com/category/us/crime,yes
20220203000701,http://web.archive.org/web/20220203000701/https://www.foxnews.com/category/us/crime,yes
20220204000733,http://web.archive.org/web/20220204000733/https://www.foxnews.com/category/us/crime,yes
20220204233337,http://web.archive.org/web/20220204233337/https://www.foxnews.com/category/us/crime,yes
20220206000728,http://web.archive.org/web/20220206000728/https://www.foxnews.com/category/us/crime,yes
20220207015502,http://web.archive.org/web/20220207015502/https://www.foxnews.com/category/us/crime,yes
20220207193845,http://web.archive.org/web/20220207193845/https://www.foxnews.com/category/us/crime,yes
20220208235505,http://web.archive.org/web/20220208235505/https://www.foxnews.com/category/us/crime,yes
20220209231133,http://web.archive.org/web/20220209231133/https://www.foxnews.com/category/us/crime,yes
20220211005220,http://web.archive.org/web/20220211005220/https://www.foxnews.com/category/us/crime,yes
20220211182606,http://web.archive.org/web/20220211182606/https://www.foxnews.com/category/us/crime,yes
20220213013636,http://web.archive.org/web/20220213013636/https://www.foxnews.com/category/us/crime,yes
20220213225224,http://web.archive.org/web/20220213225224/https://www.foxnews.com/category/us/crime,yes
20220214233617,http://web.archive.org/web/20220214233617/https://www.foxnews.com/category/us/crime,yes
20220215233800,http://web.archive.org/web/20220215233800/https://www.foxnews.com/category/us/crime,yes
20220217000357,http://web.archive.org/web/20220217000357/https://www.foxnews.com/category/us/crime,yes
20220217235148,http://web.archive.org/web/20220217235148/https://www.foxnews.com/category/us/crime,yes
20220218104159,http://web.archive.org/web/20220218104159/https://www.foxnews.com/category/us/crime,yes
20220219163759,http://web.archive.org/web/20220219163759/https://www.foxnews.com/category/us/crime,yes
20220220231815,http://web.archive.org/web/20220220231815/https://www.foxnews.com/category/us/crime,yes
20220221144055,http://web.archive.org/web/20220221144055/https://www.foxnews.com/category/us/crime,yes
20220222231735,http://web.archive.org/web/20220222231735/https://www.foxnews.com/category/us/crime,yes
20220223005322,http://web.archive.org/web/20220223005322/https://www.foxnews.com/category/us/crime,yes
20220225002340,http://web.archive.org/web/20220225002340/https://www.foxnews.com/category/us/crime,yes
20220226000804,http://web.archive.org/web/20220226000804/https://www.foxnews.com/category/us/crime,yes
20220226233937,http://web.archive.org/web/20220226233937/https://www.foxnews.com/category/us/crime,yes
20220228021416,http://web.archive.org/web/20220228021416/https://www.foxnews.com/category/us/crime,yes
20220228103907,http://web.archive.org/web/20220228103907/https://www.foxnews.com/category/us/crime,yes
20220301233603,http://web.archive.org/web/20220301233603/https://www.foxnews.com/category/us/crime,yes
20220303003325,http://web.archive.org/web/20220303003325/https://www.foxnews.com/category/us/crime,yes
20220303232248,http://web.archive.org/web/20220303232248/https://www.foxnews.com/category/us/crime,yes
20220304203418,http://web.archive.org/web/20220304203418/https://www.foxnews.com/category/us/crime,yes
20220305052508,http://web.archive.org/web/20220305052508/https://www.foxnews.com/category/us/crime,yes
20220307003825,http://web.archive.org/web/20220307003825/https://www.foxnews.com/category/us/crime,yes
20220307233155,http://web.archive.org/web/20220307233155/https://www.foxnews.com/category/us/crime,yes
20220308233835,http://web.archive.org/web/20220308233835/https://www.foxnews.com/category/us/crime,yes
20220309225644,http://web.archive.org/web/20220309225644/https://www.foxnews.com/category/us/crime,yes
20220310230545,http://web.archive.org/web/20220310230545/https://www.foxnews.com/category/us/crime,yes
20220312002321,http://web.archive.org/web/20220312002321/https://www.foxnews.com/category/us/crime,yes
20220313031303,http://web.archive.org/web/20220313031303/https://www.foxnews.com/category/us/crime,yes
20220313105353,http://web.archive.org/web/20220313105353/https://www.foxnews.com/category/us/crime,yes
20220314235146,http://web.archive.org/web/20220314235146/https://www.foxnews.com/category/us/crime,yes
20220316002405,http://web.archive.org/web/20220316002405/https://www.foxnews.com/category/us/crime,yes
20220316230745,http://web.archive.org/web/20220316230745/https://www.foxnews.com/category/us/crime,yes
20220318012408,http://web.archive.org/web/20220318012408/https://www.foxnews.com/category/us/crime,yes
20220319012138,http://web.archive.org/web/20220319012138/https://www.foxnews.com/category/us/crime,yes
20220319232224,http://web.archive.org/web/20220319232224/https://www.foxnews.com/category/us/crime,yes
20220320235327,http://web.archive.org/web/20220320235327/https://www.foxnews.com/category/us/crime,yes
20220321225536,http://web.archive.org/web/20220321225536/https://www.foxnews.com/category/us/crime,yes
20220323000637,http://web.archive.org/web/20220323000637/https://www.foxnews.com/category/us/crime,yes
20220323235943,http://web.archive.org/web/20220323235943/https://www.foxnews.com/category/us/crime,yes
20220325225120,http://web.archive.org/web/20220325225120/https://www.foxnews.com/category/us/crime,yes
20220326205444,http://web.archive.org/web/20220326205444/https://www.foxnews.com/category/us/crime,yes
20220327234454,http://web.archive.org/web/20220327234454/https://www.foxnews.com/category/us/crime,yes
20220328233646,http://web.archive.org/web/20220328233646/https://www.foxnews.com/category/us/crime,yes
20220329232737,http://web.archive.org/web/20220329232737/https://www.foxnews.com/category/us/crime,yes
20220330232607,http://web.archive.org/web/20220330232607/https://www.foxnews.com/category/us/crime,yes
20220401003120,http://web.archive.org/web/20220401003120/https://www.foxnews.com/category/us/crime,yes
20220401233628,http://web.archive.org/web/20220401233628/https://www.foxnews.com/category/us/crime,yes
20220402023647,http://web.archive.org/web/20220402023647/https://www.foxnews.com/category/us/crime,yes
20220403231136,http://web.archive.org/web/20220403231136/https://www.foxnews.com/category/us/crime,yes
20220405002323,http://web.archive.org/web/20220405002323/https://www.foxnews.com/category/us/crime,yes
20220406002307,http://web.archive.org/web/20220406002307/https://www.foxnews.com/category/us/crime,yes
20220406230751,http://web.archive.org/web/20220406230751/https://www.foxnews.com/category/us/crime,yes
20220408002422,http://web.archive.org/web/20220408002422/https://www.foxnews.com/category/us/crime,yes
20220408223619,http://web.archive.org/web/20220408223619/https://www.foxnews.com/category/us/crime,yes
20220409222233,http://web.archive.org/web/20220409222233/https://www.foxnews.com/category/us/crime,yes
20220411020701,http://web.archive.org/web/20220411020701/https://www.foxnews.com/category/us/crime,yes
20220411223706,http://web.archive.org/web/20220411223706/https://www.foxnews.com/category/us/crime,yes
20220412235312,http://web.archive.org/web/20220412235312/https://www.foxnews.com/category/us/crime,yes
20220413233623,http://web.archive.org/web/20220413233623/https://www.foxnews.com/category/us/crime,yes
20220415012102,http://web.archive.org/web/20220415012102/https://www.foxnews.com/category/us/crime,yes
20220416003716,http://web.archive.org/web/20220416003716/https://www.foxnews.com/category/us/crime,yes
20220416010729,http://web.archive.org/web/20220416010729/https://www.foxnews.com/category/us/crime,yes
20220418000711,http://web.archive.org/web/20220418000711/https://www.foxnews.com/category/us/crime,yes
20220418213938,http://web.archive.org/web/20220418213938/https://www.foxnews.com/category/us/crime,yes
20220419233936,http://web.archive.org/web/20220419233936/https://www.foxnews.com/category/us/crime,yes
20220420063951,http://web.archive.org/web/20220420063951/https://www.foxnews.com/category/us/crime,yes
20220421230610,http://web.archive.org/web/20220421230610/https://www.foxnews.com/category/us/crime,yes
20220422232016,http://web.archive.org/web/20220422232016/https://www.foxnews.com/category/us/crime,yes
20220424000711,http://web.archive.org/web/20220424000711/https://www.foxnews.com/category/us/crime,yes
20220424185154,http://web.archive.org/web/20220424185154/https://www.foxnews.com/category/us/crime,yes
20220425233612,http://web.archive.org/web/20220425233612/https://www.foxnews.com/category/us/crime,yes
20220426232432,http://web.archive.org/web/20220426232432/https://www.foxnews.com/category/us/crime,yes
20220427235159,http://web.archive.org/web/20220427235159/https://www.foxnews.com/category/us/crime,yes
20220429002326,http://web.archive.org/web/20220429002326/https://www.foxnews.com/category/us/crime,yes
20220430000935,http://web.archive.org/web/20220430000935/https://www.foxnews.com/category/us/crime,yes
20220430232239,http://web.archive.org/web/20220430232239/https://www.foxnews.com/category/us/crime,yes
20220501020639,http://web.archive.org/web/20220501020639/https://www.foxnews.com/category/us/crime,yes
20220502232242,http://web.archive.org/web/20220502232242/https://www.foxnews.com/category/us/crime,yes
20220503230854,http://web.archive.org/web/20220503230854/https://www.foxnews.com/category/us/crime,yes
20220504055026,http://web.archive.org/web/20220504055026/https://www.foxnews.com/category/us/crime,yes
20220505225422,http://web.archive.org/web/20220505225422/https://www.foxnews.com/category/us/crime,yes
20220506235212,http://web.archive.org/web/20220506235212/https://www.foxnews.com/category/us/crime,yes
20220507232403,http://web.archive.org/web/20220507232403/https://www.foxnews.com/category/us/crime,yes
20220508230853,http://web.archive.org/web/20220508230853/https://www.foxnews.com/category/us/crime,yes
20220509052238,http://web.archive.org/web/20220509052238/https://www.foxnews.com/category/us/crime,yes
20220510235158,http://web.archive.org/web/20220510235158/https://www.foxnews.com/category/us/crime,yes
20220511142531,http://web.archive.org/web/20220511142531/https://www.foxnews.com/category/us/crime,yes
20220512230803,http://web.archive.org/web/20220512230803/https://www.foxnews.com/category/us/crime,yes
20220513232242,http://web.archive.org/web/20220513232242/https://www.foxnews.com/category/us/crime,yes
20220515053518,http://web.archive.org/web/20220515053518/https://www.foxnews.com/category/us/crime,yes
20220515230716,http://web.archive.org/web/20220515230716/https://www.foxnews.com/category/us/crime,yes
20220516230436,http://web.archive.org/web/20220516230436/https://www.foxnews.com/category/us/crime,yes
20220517230826,http://web.archive.org/web/20220517230826/https://www.foxnews.com/category/us/crime,yes
20220519000634,http://web.archive.org/web/20220519000634/https://www.foxnews.com/category/us/crime,yes
20220519235303,http://web.archive.org/web/20220519235303/https://www.foxnews.com/category/us/crime,yes
20220521003754,http://web.archive.org/web/20220521003754/https://www.foxnews.com/category/us/crime,yes
20220522003342,http://web.archive.org/web/20220522003342/https://www.foxnews.com/category/us/crime,yes
20220522225136,http://web.archive.org/web/20220522225136/https://www.foxnews.com/category/us/crime,yes
20220523205401,http://web.archive.org/web/20220523205401/https://www.foxnews.com/category/us/crime,yes
20220525003658,http://web.archive.org/web/20220525003658/https://www.foxnews.com/category/us/crime,yes
20220525235021,http://web.archive.org/web/20220525235021/https://www.foxnews.com/category/us/crime,yes
20220526230606,http://web.archive.org/web/20220526230606/https://www.foxnews.com/category/us/crime,yes
20220527235343,http://web.archive.org/web/20220527235343/https://www.foxnews.com/category/us/crime,yes
20220528223903,http://web.archive.org/web/20220528223903/https://www.foxnews.com/category/us/crime,yes
20220530000654,http://web.archive.org/web/20220530000654/https://www.foxnews.com/category/us/crime,yes
20220530195348,http://web.archive.org/web/20220530195348/https://www.foxnews.com/category/us/crime,yes
20220601001047,http://web.archive.org/web/20220601001047/https://www.foxnews.com/category/us/crime,yes
20220601235333,http://web.archive.org/web/20220601235333/https://www.foxnews.com/category/us/crime,yes
20220602233940,http://web.archive.org/web/20220602233940/https://www.foxnews.com/category/us/crime,yes
20220603233552,http://web.archive.org/web/20220603233552/https://www.foxnews.com/category/us/crime,yes
20220605000829,http://web.archive.org/web/20220605000829/https://www.foxnews.com/category/us/crime,yes
20220606002150,http://web.archive.org/web/20220606002150/https://www.foxnews.com/category/us/crime,yes
20220607002131,http://web.archive.org/web/20220607002131/https://www.foxnews.com/category/us/crime,yes
20220607065303,http://web.archive.org/web/20220607065303/https://www.foxnews.com/category/us/crime,yes
20220608232259,http://web.archive.org/web/20220608232259/https://www.foxnews.com/category/us/crime,yes
20220609231859,http://web.archive.org/web/20220609231859/https://www.foxnews.com/category/us/crime,yes
20220611000822,http://web.archive.org/web/20220611000822/https://www.foxnews.com/category/us/crime,yes
20220611235038,http://web.archive.org/web/20220611235038/https://www.foxnews.com/category/us/crime,yes
20220612225528,http://web.archive.org/web/20220612225528/https://www.foxnews.com/category/us/crime,yes
20220613235042,http://web.archive.org/web/20220613235042/https://www.foxnews.com/category/us/crime,yes
20220614232035,http://web.archive.org/web/20220614232035/https://www.foxnews.com/category/us/crime,yes
20220615233720,http://web.archive.org/web/20220615233720/https://www.foxnews.com/category/us/crime,yes
20220616232339,http://web.archive.org/web/20220616232339/https://www.foxnews.com/category/us/crime,yes
20220617020914,http://web.archive.org/web/20220617020914/https://www.foxnews.com/category/us/crime,yes
20220619003405,http://web.archive.org/web/20220619003405/https://www.foxnews.com/category/us/crime,yes
20220620003719,http://web.archive.org/web/20220620003719/https://www.foxnews.com/category/us/crime,yes
20220620235018,http://web.archive.org/web/20220620235018/https://www.foxnews.com/category/us/crime,yes
20220621235622,http://web.archive.org/web/20220621235622/https://www.foxnews.com/category/us/crime,yes
20220622063942,http://web.archive.org/web/20220622063942/https://www.foxnews.com/category/us/crime,yes
20220623165321,http://web.archive.org/web/20220623165321/https://www.foxnews.com/category/us/crime,yes
20220624222608,http://web.archive.org/web/20220624222608/https://www.foxnews.com/category/us/crime,yes
20220625210549,http://web.archive.org/web/20220625210549/https://www.foxnews.com/category/us/crime,yes
20220626145439,http://web.archive.org/web/20220626145439/https://www.foxnews.com/category/us/crime,yes
20220627234851,http://web.archive.org/web/20220627234851/https://www.foxnews.com/category/us/crime,yes
20220628235137,http://web.archive.org/web/20220628235137/https://www.foxnews.com/category/us/crime,yes
20220630003510,http://web.archive.org/web/20220630003510/https://www.foxnews.com/category/us/crime,yes
20220630235022,http://web.archive.org/web/20220630235022/https://www.foxnews.com/category/us/crime,yes
20220701202338,http://web.archive.org/web/20220701202338/https://www.foxnews.com/category/us/crime,yes
20220702233613,http://web.archive.org/web/20220702233613/https://www.foxnews.com/category/us/crime,yes
20220703233658,http://web.archive.org/web/20220703233658/https://www.foxnews.com/category/us/crime,yes
20220704222432,http://web.archive.org/web/20220704222432/https://www.foxnews.com/category/us/crime,yes
20220705230946,http://web.archive.org/web/20220705230946/https://www.foxnews.com/category/us/crime,yes
20220707003904,http://web.archive.org/web/20220707003904/https://www.foxnews.com/category/us/crime,yes
20220707235026,http://web.archive.org/web/20220707235026/https://www.foxnews.com/category/us/crime,yes
20220708090830,http://web.archive.org/web/20220708090830/https://www.foxnews.com/category/us/crime,yes
20220709230521,http://web.archive.org/web/20220709230521/https://www.foxnews.com/category/us/crime,yes
20220710232153,http://web.archive.org/web/20220710232153/https://www.foxnews.com/category/us/crime,yes
20220711030653,http://web.archive.org/web/20220711030653/https://www.foxnews.com/category/us/crime,yes
20220712225522,http://web.archive.org/web/20220712225522/https://www.foxnews.com/category/us/crime,yes
20220713235253,http://web.archive.org/web/20220713235253/https://www.foxnews.com/category/us/crime,yes
20220714225933,http://web.archive.org/web/20220714225933/https://www.foxnews.com/category/us/crime,yes
20220715233718,http://web.archive.org/web/20220715233718/https://www.foxnews.com/category/us/crime,yes
20220716085215,http://web.archive.org/web/20220716085215/https://www.foxnews.com/category/us/crime,yes
20220717084734,http://web.archive.org/web/20220717084734/https://www.foxnews.com/category/us/crime,yes
20220719073059,http://web.archive.org/web/20220719073059/https://www.foxnews.com/category/us/crime,yes
20220719121728,http://web.archive.org/web/20220719121728/https://www.foxnews.com/category/us/crime,yes
20220720220441,http://web.archive.org/web/20220720220441/https://www.foxnews.com/category/us/crime,yes
20220721100120,http://web.archive.org/web/20220721100120/https://www.foxnews.com/category/us/crime,yes
20220722195421,http://web.archive.org/web/20220722195421/https://www.foxnews.com/category/us/crime,yes
20220723180413,http://web.archive.org/web/20220723180413/https://www.foxnews.com/category/us/crime,yes
20220724181646,http://web.archive.org/web/20220724181646/https://www.foxnews.com/category/us/crime,yes
20220725233721,http://web.archive.org/web/20220725233721/https://www.foxnews.com/category/us/crime,yes
20220726211946,http://web.archive.org/web/20220726211946/https://www.foxnews.com/category/us/crime,yes
20220727205640,http://web.archive.org/web/20220727205640/https://www.foxnews.com/category/us/crime,yes
20220728105958,http://web.archive.org/web/20220728105958/https://www.foxnews.com/category/us/crime,yes
20220729235343,http://web.archive.org/web/20220729235343/https://www.foxnews.com/category/us/crime,yes
20220730232007,http://web.archive.org/web/20220730232007/https://www.foxnews.com/category/us/crime,yes
20220801000625,http://web.archive.org/web/20220801000625/https://www.foxnews.com/category/us/crime,yes
20220801162710,http://web.archive.org/web/20220801162710/https://www.foxnews.com/category/us/crime,yes
20220803000330,http://web.archive.org/web/20220803000330/https://www.foxnews.com/category/us/crime,yes
20220804001034,http://web.archive.org/web/20220804001034/https://www.foxnews.com/category/us/crime,yes
20220804235153,http://web.archive.org/web/20220804235153/https://www.foxnews.com/category/us/crime,yes
20220805202336,http://web.archive.org/web/20220805202336/https://www.foxnews.com/category/us/crime,yes
20220806054802,http://web.archive.org/web/20220806054802/https://www.foxnews.com/category/us/crime,yes
20220807235726,http://web.archive.org/web/20220807235726/https://www.foxnews.com/category/us/crime,yes
20220808222704,http://web.archive.org/web/20220808222704/https://www.foxnews.com/category/us/crime,yes
20220809220331,http://web.archive.org/web/20220809220331/https://www.foxnews.com/category/us/crime,yes
20220810042854,http://web.archive.org/web/20220810042854/https://www.foxnews.com/category/us/crime,yes
20220811205342,http://web.archive.org/web/20220811205342/https://www.foxnews.com/category/us/crime,yes
20220813003716,http://web.archive.org/web/20220813003716/https://www.foxnews.com/category/us/crime,yes
20220814044128,http://web.archive.org/web/20220814044128/https://www.foxnews.com/category/us/crime,yes
20220815065124,http://web.archive.org/web/20220815065124/https://www.foxnews.com/category/us/crime,yes
20220816093042,http://web.archive.org/web/20220816093042/https://www.foxnews.com/category/us/crime,yes
20220816180544,http://web.archive.org/web/20220816180544/https://www.foxnews.com/category/us/crime,yes
20220818090934,http://web.archive.org/web/20220818090934/https://www.foxnews.com/category/us/crime,yes
20220819104038,http://web.archive.org/web/20220819104038/https://www.foxnews.com/category/us/crime,yes
20220820012019,http://web.archive.org/web/20220820012019/https://www.foxnews.com/category/us/crime,yes
20220820164747,http://web.archive.org/web/20220820164747/https://www.foxnews.com/category/us/crime,yes
20220821093204,http://web.archive.org/web/20220821093204/https://www.foxnews.com/category/us/crime,yes
20220823003530,http://web.archive.org/web/20220823003530/https://www.foxnews.com/category/us/crime,yes
20220824154124,http://web.archive.org/web/20220824154124/https://www.foxnews.com/category/us/crime,yes
20220825184317,http://web.archive.org/web/20220825184317/https://www.foxnews.com/category/us/crime,yes
20220826191906,http://web.archive.org/web/20220826191906/https://www.foxnews.com/category/us/crime,yes
20220827194444,http://web.archive.org/web/20220827194444/https://www.foxnews.com/category/us/crime,yes
20220828194622,http://web.archive.org/web/20220828194622/https://www.foxnews.com/category/us/crime,yes
20220829202431,http://web.archive.org/web/20220829202431/https://www.foxnews.com/category/us/crime,yes
20220831015748,http://web.archive.org/web/20220831015748/https://www.foxnews.com/category/us/crime,yes
20220902000811,http://web.archive.org/web/20220902000811/https://www.foxnews.com/category/us/crime,yes
20220903221241,http://web.archive.org/web/20220903221241/https://www.foxnews.com/category/us/crime,yes
20220905000558,http://web.archive.org/web/20220905000558/https://www.foxnews.com/category/us/crime,yes
20220906000604,http://web.archive.org/web/20220906000604/https://www.foxnews.com/category/us/crime,yes
20220907000715,http://web.archive.org/web/20220907000715/https://www.foxnews.com/category/us/crime,yes
20220907232513,http://web.archive.org/web/20220907232513/https://www.foxnews.com/category/us/crime,yes
20220908233817,http://web.archive.org/web/20220908233817/https://www.foxnews.com/category/us/crime,yes
20220910082623,http://web.archive.org/web/20220910082623/https://www.foxnews.com/category/us/crime,yes
20220912080812,http://web.archive.org/web/20220912080812/https://www.foxnews.com/category/us/crime,yes
20220914013539,http://web.archive.org/web/20220914013539/https://www.foxnews.com/category/us/crime,yes
20220914083409,http://web.archive.org/web/20220914083409/https://www.foxnews.com/category/us/crime,yes
20220916095934,http://web.archive.org/web/20220916095934/https://www.foxnews.com/category/us/crime,yes
20220916235411,http://web.archive.org/web/20220916235411/https://www.foxnews.com/category/us/crime,yes
20220918040448,http://web.archive.org/web/20220918040448/https://www.foxnews.com/category/us/crime,yes
20220918230823,http://web.archive.org/web/20220918230823/https://www.foxnews.com/category/us/crime,yes
20220919232302,http://web.archive.org/web/20220919232302/https://www.foxnews.com/category/us/crime,yes
20220920234105,http://web.archive.org/web/20220920234105/https://www.foxnews.com/category/us/crime,yes
20220921215219,http://web.archive.org/web/20220921215219/https://www.foxnews.com/category/us/crime,yes
20220922225445,http://web.archive.org/web/20220922225445/https://www.foxnews.com/category/us/crime,yes
20220923153852,http://web.archive.org/web/20220923153852/https://www.foxnews.com/category/us/crime,yes
20220925000410,http://web.archive.org/web/20220925000410/https://www.foxnews.com/category/us/crime,yes
20220925030736,http://web.archive.org/web/20220925030736/https://www.foxnews.com/category/us/crime,yes
20220926233412,http://web.archive.org/web/20220926233412/https://www.foxnews.com/category/us/crime,yes
20220928005215,http://web.archive.org/web/20220928005215/https://www.foxnews.com/category/us/crime,yes
20220928230923,http://web.archive.org/web/20220928230923/https://www.foxnews.com/category/us/crime,yes
20220929235613,http://web.archive.org/web/20220929235613/https://www.foxnews.com/category/us/crime,yes
20220930233536,http://web.archive.org/web/20220930233536/https://www.foxnews.com/category/us/crime,yes
20221001180652,http://web.archive.org/web/20221001180652/https://www.foxnews.com/category/us/crime,yes
20221003000544,http://web.archive.org/web/20221003000544/https://www.foxnews.com/category/us/crime,yes
20221004002155,http://web.archive.org/web/20221004002155/https://www.foxnews.com/category/us/crime,yes
20221004233942,http://web.archive.org/web/20221004233942/https://www.foxnews.com/category/us/crime,yes
20221005235606,http://web.archive.org/web/20221005235606/https://www.foxnews.com/category/us/crime,yes
20221006230805,http://web.archive.org/web/20221006230805/https://www.foxnews.com/category/us/crime,yes
20221008002251,http://web.archive.org/web/20221008002251/https://www.foxnews.com/category/us/crime,yes
20221009000732,http://web.archive.org/web/20221009000732/https://www.foxnews.com/category/us/crime,yes
20221010232404,http://web.archive.org/web/20221010232404/https://www.foxnews.com/category/us/crime,yes
20221011235139,http://web.archive.org/web/20221011235139/https://www.foxnews.com/category/us/crime,yes
20221012232224,http://web.archive.org/web/20221012232224/https://www.foxnews.com/category/us/crime,yes
20221013124413,http://web.archive.org/web/20221013124413/https://www.foxnews.com/category/us/crime,yes
20221014172557,http://web.archive.org/web/20221014172557/https://www.foxnews.com/category/us/crime,yes
20221015035255,http://web.archive.org/web/20221015035255/https://www.foxnews.com/category/us/crime,yes
20221016232041,http://web.archive.org/web/20221016232041/https://www.foxnews.com/category/us/crime,yes
20221017095150,http://web.archive.org/web/20221017095150/https://www.foxnews.com/category/us/crime,yes
20221018065419,http://web.archive.org/web/20221018065419/https://www.foxnews.com/category/us/crime,yes
20221020233814,http://web.archive.org/web/20221020233814/https://www.foxnews.com/category/us/crime,yes
20221022000638,http://web.archive.org/web/20221022000638/https://www.foxnews.com/category/us/crime,yes
20221022233552,http://web.archive.org/web/20221022233552/https://www.foxnews.com/category/us/crime,yes
20221023233817,http://web.archive.org/web/20221023233817/https://www.foxnews.com/category/us/crime,yes
20221025000831,http://web.archive.org/web/20221025000831/https://www.foxnews.com/category/us/crime,yes
20221025235534,http://web.archive.org/web/20221025235534/https://www.foxnews.com/category/us/crime,yes
20221026225147,http://web.archive.org/web/20221026225147/https://www.foxnews.com/category/us/crime,yes
20221028002134,http://web.archive.org/web/20221028002134/https://www.foxnews.com/category/us/crime,yes
20221028235332,http://web.archive.org/web/20221028235332/https://www.foxnews.com/category/us/crime,yes
20221029233732,http://web.archive.org/web/20221029233732/https://www.foxnews.com/category/us/crime,yes
20221031010216,http://web.archive.org/web/20221031010216/https://www.foxnews.com/category/us/crime,yes
20221101000418,http://web.archive.org/web/20221101000418/https://www.foxnews.com/category/us/crime,yes
20221101232438,http://web.archive.org/web/20221101232438/https://www.foxnews.com/category/us/crime,yes
20221102210631,http://web.archive.org/web/20221102210631/https://www.foxnews.com/category/us/crime,yes
20221103232120,http://web.archive.org/web/20221103232120/https://www.foxnews.com/category/us/crime,yes
20221104232002,http://web.archive.org/web/20221104232002/https://www.foxnews.com/category/us/crime,yes
20221105232258,http://web.archive.org/web/20221105232258/https://www.foxnews.com/category/us/crime,yes
20221107004009,http://web.archive.org/web/20221107004009/https://www.foxnews.com/category/us/crime,yes
20221107235649,http://web.archive.org/web/20221107235649/https://www.foxnews.com/category/us/crime,yes
20221108163941,http://web.archive.org/web/20221108163941/https://www.foxnews.com/category/us/crime,yes
20221109233644,http://web.archive.org/web/20221109233644/https://www.foxnews.com/category/us/crime,yes
20221110231020,http://web.archive.org/web/20221110231020/https://www.foxnews.com/category/us/crime,yes
20221111084130,http://web.archive.org/web/20221111084130/https://www.foxnews.com/category/us/crime,yes
20221112231035,http://web.archive.org/web/20221112231035/https://www.foxnews.com/category/us/crime,yes
20221113053837,http://web.archive.org/web/20221113053837/https://www.foxnews.com/category/us/crime,yes
20221115000721,http://web.archive.org/web/20221115000721/https://www.foxnews.com/category/us/crime,yes
20221115233327,http://web.archive.org/web/20221115233327/https://www.foxnews.com/category/us/crime,yes
20221116235336,http://web.archive.org/web/20221116235336/https://www.foxnews.com/category/us/crime,yes
20221117105419,http://web.archive.org/web/20221117105419/https://www.foxnews.com/category/us/crime,yes
20221118233824,http://web.archive.org/web/20221118233824/https://www.foxnews.com/category/us/crime,yes
20221119230758,http://web.archive.org/web/20221119230758/https://www.foxnews.com/category/us/crime,yes
20221120035329,http://web.archive.org/web/20221120035329/https://www.foxnews.com/category/us/crime,yes
20221121225116,http://web.archive.org/web/20221121225116/https://www.foxnews.com/category/us/crime,yes
20221123000518,http://web.archive.org/web/20221123000518/https://www.foxnews.com/category/us/crime,yes
20221123230944,http://web.archive.org/web/20221123230944/https://www.foxnews.com/category/us/crime,yes
20221124234154,http://web.archive.org/web/20221124234154/https://www.foxnews.com/category/us/crime,yes
20221126002216,http://web.archive.org/web/20221126002216/https://www.foxnews.com/category/us/crime,yes
20221126233510,http://web.archive.org/web/20221126233510/https://www.foxnews.com/category/us/crime,yes
20221128000753,http://web.archive.org/web/20221128000753/https://www.foxnews.com/category/us/crime,yes
20221129000459,http://web.archive.org/web/20221129000459/https://www.foxnews.com/category/us/crime,yes
20221130000613,http://web.archive.org/web/20221130000613/https://www.foxnews.com/category/us/crime,yes
20221130095203,http://web.archive.org/web/20221130095203/https://www.foxnews.com/category/us/crime,yes
20221201235416,http://web.archive.org/web/20221201235416/https://www.foxnews.com/category/us/crime,yes
20221202230841,http://web.archive.org/web/20221202230841/https://www.foxnews.com/category/us/crime,yes
20221204002312,http://web.archive.org/web/20221204002312/https://www.foxnews.com/category/us/crime,yes
20221205000837,http://web.archive.org/web/20221205000837/https://www.foxnews.com/category/us/crime,yes
20221205135457,http://web.archive.org/web/20221205135457/https://www.foxnews.com/category/us/crime,yes
20221206235433,http://web.archive.org/web/20221206235433/https://www.foxnews.com/category/us/crime,yes
20221207223917,http://web.archive.org/web/20221207223917/https://www.foxnews.com/category/us/crime,yes
20221208232429,http://web.archive.org/web/20221208232429/https://www.foxnews.com/category/us/crime,yes
20221209215051,http://web.archive.org/web/20221209215051/https://www.foxnews.com/category/us/crime,yes
20221210230837,http://web.archive.org/web/20221210230837/https://www.foxnews.com/category/us/crime,yes
20221212010700,http://web.archive.org/web/20221212010700/https://www.foxnews.com/category/us/crime,yes
20221212232313,http://web.archive.org/web/20221212232313/https://www.foxnews.com/category/us/crime,yes
20221213072757,http://web.archive.org/web/20221213072757/https://www.foxnews.com/category/us/crime,yes
20221214115124,http://web.archive.org/web/20221214115124/https://www.foxnews.com/category/us/crime,yes
20221215040656,http://web.archive.org/web/20221215040656/https://www.foxnews.com/category/us/crime,yes
20221217000927,http://web.archive.org/web/20221217000927/https://www.foxnews.com/category/us/crime,yes
20221217215325,http://web.archive.org/web/20221217215325/https://www.foxnews.com/category/us/crime,yes
20221218235149,http://web.archive.org/web/20221218235149/https://www.foxnews.com/category/us/crime,yes
20221219235359,http://web.archive.org/web/20221219235359/https://www.foxnews.com/category/us/crime,yes
20221220233711,http://web.archive.org/web/20221220233711/https://www.foxnews.com/category/us/crime,yes
20221221233549,http://web.archive.org/web/20221221233549/https://www.foxnews.com/category/us/crime,yes
20221222223753,http://web.archive.org/web/20221222223753/https://www.foxnews.com/category/us/crime,yes
20221223235311,http://web.archive.org/web/20221223235311/https://www.foxnews.com/category/us/crime,yes
20221224235051,http://web.archive.org/web/20221224235051/https://www.foxnews.com/category/us/crime,yes
20221225232327,http://web.archive.org/web/20221225232327/https://www.foxnews.com/category/us/crime,yes
20221226195141,http://web.archive.org/web/20221226195141/https://www.foxnews.com/category/us/crime,yes
20221227235426,http://web.archive.org/web/20221227235426/https://www.foxnews.com/category/us/crime,yes
20221228223751,http://web.archive.org/web/20221228223751/https://www.foxnews.com/category/us/crime,yes
20221229233532,http://web.archive.org/web/20221229233532/https://www.foxnews.com/category/us/crime,yes
20221230233820,http://web.archive.org/web/20221230233820/https://www.foxnews.com/category/us/crime,yes
20221231233524,http://web.archive.org/web/20221231233524/https://www.foxnews.com/category/us/crime,yes
20230102000503,http://web.archive.org/web/20230102000503/https://www.foxnews.com/category/us/crime,yes
20230102230514,http://web.archive.org/web/20230102230514/https://www.foxnews.com/category/us/crime,yes
20230103135423,http://web.archive.org/web/20230103135423/https://www.foxnews.com/category/us/crime,yes
20230105000648,http://web.archive.org/web/20230105000648/https://www.foxnews.com/category/us/crime,yes
20230106002051,http://web.archive.org/web/20230106002051/https://www.foxnews.com/category/us/crime,yes
20230106235355,http://web.archive.org/web/20230106235355/https://www.foxnews.com/category/us/crime,yes
20230108000742,http://web.archive.org/web/20230108000742/https://www.foxnews.com/category/us/crime,yes
20230108230855,http://web.archive.org/web/20230108230855/https://www.foxnews.com/category/us/crime,yes
20230109230651,http://web.archive.org/web/20230109230651/https://www.foxnews.com/category/us/crime,yes
20230110232514,http://web.archive.org/web/20230110232514/https://www.foxnews.com/category/us/crime,yes
20230111231902,http://web.archive.org/web/20230111231902/https://www.foxnews.com/category/us/crime,yes
20230112232234,http://web.archive.org/web/20230112232234/https://www.foxnews.com/category/us/crime,yes
20230113232526,http://web.archive.org/web/20230113232526/https://www.foxnews.com/category/us/crime,yes
20230115002117,http://web.archive.org/web/20230115002117/https://www.foxnews.com/category/us/crime,yes
20230115233717,http://web.archive.org/web/20230115233717/https://www.foxnews.com/category/us/crime,yes
20230116193952,http://web.archive.org/web/20230116193952/https://www.foxnews.com/category/us/crime,yes
20230117235519,http://web.archive.org/web/20230117235519/https://www.foxnews.com/category/us/crime,yes
20230118032044,http://web.archive.org/web/20230118032044/https://www.foxnews.com/category/us/crime,yes
20230120000643,http://web.archive.org/web/20230120000643/https://www.foxnews.com/category/us/crime,yes
20230121000419,http://web.archive.org/web/20230121000419/https://www.foxnews.com/category/us/crime,yes
20230121232308,http://web.archive.org/web/20230121232308/https://www.foxnews.com/category/us/crime,yes
20230122032238,http://web.archive.org/web/20230122032238/https://www.foxnews.com/category/us/crime,yes
20230123165417,http://web.archive.org/web/20230123165417/https://www.foxnews.com/category/us/crime,yes
20230125001001,http://web.archive.org/web/20230125001001/https://www.foxnews.com/category/us/crime,yes
20230125193616,http://web.archive.org/web/20230125193616/https://www.foxnews.com/category/us/crime,yes
20230126233855,http://web.archive.org/web/20230126233855/https://www.foxnews.com/category/us/crime,yes
20230128000537,http://web.archive.org/web/20230128000537/https://www.foxnews.com/category/us/crime,yes
20230128235243,http://web.archive.org/web/20230128235243/https://www.foxnews.com/category/us/crime,yes
20230129125106,http://web.archive.org/web/20230129125106/https://www.foxnews.com/category/us/crime,yes
20230131000352,http://web.archive.org/web/20230131000352/https://www.foxnews.com/category/us/crime,yes
20230131235455,http://web.archive.org/web/20230131235455/https://www.foxnews.com/category/us/crime,yes
20230201232542,http://web.archive.org/web/20230201232542/https://www.foxnews.com/category/us/crime,yes
20230202233844,http://web.archive.org/web/20230202233844/https://www.foxnews.com/category/us/crime,yes
20230203235114,http://web.archive.org/web/20230203235114/https://www.foxnews.com/category/us/crime,yes
20230205000932,http://web.archive.org/web/20230205000932/https://www.foxnews.com/category/us/crime,yes
20230206000903,http://web.archive.org/web/20230206000903/https://www.foxnews.com/category/us/crime,yes
20230206223902,http://web.archive.org/web/20230206223902/https://www.foxnews.com/category/us/crime,yes
20230207232526,http://web.archive.org/web/20230207232526/https://www.foxnews.com/category/us/crime,yes
20230208235255,http://web.archive.org/web/20230208235255/https://www.foxnews.com/category/us/crime,yes
20230209230452,http://web.archive.org/web/20230209230452/https://www.foxnews.com/category/us/crime,yes
20230210235205,http://web.archive.org/web/20230210235205/https://www.foxnews.com/category/us/crime,yes
20230211215154,http://web.archive.org/web/20230211215154/https://www.foxnews.com/category/us/crime,yes
20230213003336,http://web.archive.org/web/20230213003336/https://www.foxnews.com/category/us/crime,yes
20230213232229,http://web.archive.org/web/20230213232229/https://www.foxnews.com/category/us/crime,yes
20230214190717,http://web.archive.org/web/20230214190717/https://www.foxnews.com/category/us/crime,yes
20230216001944,http://web.archive.org/web/20230216001944/https://www.foxnews.com/category/us/crime,yes
20230217001359,http://web.archive.org/web/20230217001359/https://www.foxnews.com/category/us/crime,yes
20230217232957,http://web.archive.org/web/20230217232957/https://www.foxnews.com/category/us/crime,yes
20230218235136,http://web.archive.org/web/20230218235136/https://www.foxnews.com/category/us/crime,yes
20230219233940,http://web.archive.org/web/20230219233940/https://www.foxnews.com/category/us/crime,yes
20230220202105,http://web.archive.org/web/20230220202105/https://www.foxnews.com/category/us/crime,yes
20230221235622,http://web.archive.org/web/20230221235622/https://www.foxnews.com/category/us/crime,yes
20230222235422,http://web.archive.org/web/20230222235422/https://www.foxnews.com/category/us/crime,yes
20230223233814,http://web.archive.org/web/20230223233814/https://www.foxnews.com/category/us/crime,yes
20230224235257,http://web.archive.org/web/20230224235257/https://www.foxnews.com/category/us/crime,yes
20230226000428,http://web.archive.org/web/20230226000428/https://www.foxnews.com/category/us/crime,yes
20230226232445,http://web.archive.org/web/20230226232445/https://www.foxnews.com/category/us/crime,yes
20230227003635,http://web.archive.org/web/20230227003635/https://www.foxnews.com/category/us/crime,yes
20230228122634,http://web.archive.org/web/20230228122634/https://www.foxnews.com/category/us/crime,yes
20230301102231,http://web.archive.org/web/20230301102231/https://www.foxnews.com/category/us/crime,yes
20230302235448,http://web.archive.org/web/20230302235448/https://www.foxnews.com/category/us/crime,yes
20230303235459,http://web.archive.org/web/20230303235459/https://www.foxnews.com/category/us/crime,yes
20230305000813,http://web.archive.org/web/20230305000813/https://www.foxnews.com/category/us/crime,yes
20230305071227,http://web.archive.org/web/20230305071227/https://www.foxnews.com/category/us/crime,yes
20230306154130,http://web.archive.org/web/20230306154130/https://www.foxnews.com/category/us/crime,yes
20230307212034,http://web.archive.org/web/20230307212034/https://www.foxnews.com/category/us/crime,yes
20230309000851,http://web.archive.org/web/20230309000851/https://www.foxnews.com/category/us/crime,yes
20230309235642,http://web.archive.org/web/20230309235642/https://www.foxnews.com/category/us/crime,yes
20230310172739,http://web.archive.org/web/20230310172739/https://www.foxnews.com/category/us/crime,yes
20230311182226,http://web.archive.org/web/20230311182226/https://www.foxnews.com/category/us/crime,yes
20230312200713,http://web.archive.org/web/20230312200713/https://www.foxnews.com/category/us/crime,yes
20230313230947,http://web.archive.org/web/20230313230947/https://www.foxnews.com/category/us/crime,yes
20230314053919,http://web.archive.org/web/20230314053919/https://www.foxnews.com/category/us/crime,yes
20230315233904,http://web.archive.org/web/20230315233904/https://www.foxnews.com/category/us/crime,yes
20230316234010,http://web.archive.org/web/20230316234010/https://www.foxnews.com/category/us/crime,yes
20230317233757,http://web.archive.org/web/20230317233757/https://www.foxnews.com/category/us/crime,yes
20230318230730,http://web.archive.org/web/20230318230730/https://www.foxnews.com/category/us/crime,yes
20230319135419,http://web.archive.org/web/20230319135419/https://www.foxnews.com/category/us/crime,yes
20230320235927,http://web.archive.org/web/20230320235927/https://www.foxnews.com/category/us/crime,yes
20230321132551,http://web.archive.org/web/20230321132551/https://www.foxnews.com/category/us/crime,yes
20230323000559,http://web.archive.org/web/20230323000559/https://www.foxnews.com/category/us/crime,yes
20230323233559,http://web.archive.org/web/20230323233559/https://www.foxnews.com/category/us/crime,yes
20230325000605,http://web.archive.org/web/20230325000605/https://www.foxnews.com/category/us/crime,yes
20230325234951,http://web.archive.org/web/20230325234951/https://www.foxnews.com/category/us/crime,yes
20230326115302,http://web.archive.org/web/20230326115302/https://www.foxnews.com/category/us/crime,yes
20230327234005,http://web.archive.org/web/20230327234005/https://www.foxnews.com/category/us/crime,yes
20230328235424,http://web.archive.org/web/20230328235424/https://www.foxnews.com/category/us/crime,yes
20230330000744,http://web.archive.org/web/20230330000744/https://www.foxnews.com/category/us/crime,yes
20230331000451,http://web.archive.org/web/20230331000451/https://www.foxnews.com/category/us/crime,yes
20230331011930,http://web.archive.org/web/20230331011930/https://www.foxnews.com/category/us/crime,yes
20230401223216,http://web.archive.org/web/20230401223216/https://www.foxnews.com/category/us/crime,yes
20230402072346,http://web.archive.org/web/20230402072346/https://www.foxnews.com/category/us/crime,yes
20230403230407,http://web.archive.org/web/20230403230407/https://www.foxnews.com/category/us/crime,yes
20230405001102,http://web.archive.org/web/20230405001102/https://www.foxnews.com/category/us/crime,yes
20230406001718,http://web.archive.org/web/20230406001718/https://www.foxnews.com/category/us/crime,yes
20230407004234,http://web.archive.org/web/20230407004234/https://www.foxnews.com/category/us/crime,yes
20230408021558,http://web.archive.org/web/20230408021558/https://www.foxnews.com/category/us/crime,yes
20230409002231,http://web.archive.org/web/20230409002231/https://www.foxnews.com/category/us/crime,yes
20230409233944,http://web.archive.org/web/20230409233944/https://www.foxnews.com/category/us/crime,yes
20230410221209,http://web.archive.org/web/20230410221209/https://www.foxnews.com/category/us/crime,yes
20230412012613,http://web.archive.org/web/20230412012613/https://www.foxnews.com/category/us/crime,yes
20230412205434,http://web.archive.org/web/20230412205434/https://www.foxnews.com/category/us/crime,yes
20230413174856,http://web.archive.org/web/20230413174856/https://www.foxnews.com/category/us/crime,yes
20230414194701,http://web.archive.org/web/20230414194701/https://www.foxnews.com/category/us/crime,yes
20230415143327,http://web.archive.org/web/20230415143327/https://www.foxnews.com/category/us/crime,yes
20230417002244,http://web.archive.org/web/20230417002244/https://www.foxnews.com/category/us/crime,yes
20230418024807,http://web.archive.org/web/20230418024807/https://www.foxnews.com/category/us/crime,yes
20230418044109,http://web.archive.org/web/20230418044109/https://www.foxnews.com/category/us/crime,yes
20230419162353,http://web.archive.org/web/20230419162353/https://www.foxnews.com/category/us/crime,yes
20230420185900,http://web.archive.org/web/20230420185900/https://www.foxnews.com/category/us/crime,yes
20230421182630,http://web.archive.org/web/20230421182630/https://www.foxnews.com/category/us/crime,yes
20230422081026,http://web.archive.org/web/20230422081026/https://www.foxnews.com/category/us/crime,yes
20230423200722,http://web.archive.org/web/20230423200722/https://www.foxnews.com/category/us/crime,yes
20230425002744,http://web.archive.org/web/20230425002744/https://www.foxnews.com/category/us/crime,yes
20230425215947,http://web.archive.org/web/20230425215947/https://www.foxnews.com/category/us/crime,yes
20230427001408,http://web.archive.org/web/20230427001408/https://www.foxnews.com/category/us/crime,yes
20230427232825,http://web.archive.org/web/20230427232825/https://www.foxnews.com/category/us/crime,yes
20230429011519,http://web.archive.org/web/20230429011519/https://www.foxnews.com/category/us/crime,yes
20230430021420,http://web.archive.org/web/20230430021420/https://www.foxnews.com/category/us/crime,yes
20230501043508,http://web.archive.org/web/20230501043508/https://www.foxnews.com/category/us/crime,yes
20230502223800,http://web.archive.org/web/20230502223800/https://www.foxnews.com/category/us/crime,yes
20230503225535,http://web.archive.org/web/20230503225535/https://www.foxnews.com/category/us/crime,yes
20230504164821,http://web.archive.org/web/20230504164821/https://www.foxnews.com/category/us/crime,yes
20230506023348,http://web.archive.org/web/20230506023348/https://www.foxnews.com/category/us/crime,yes
20230507051241,http://web.archive.org/web/20230507051241/https://www.foxnews.com/category/us/crime,yes
20230507145535,http://web.archive.org/web/20230507145535/https://www.foxnews.com/category/us/crime,yes
20230508144924,http://web.archive.org/web/20230508144924/https://www.foxnews.com/category/us/crime,yes
20230509210118,http://web.archive.org/web/20230509210118/https://www.foxnews.com/category/us/crime,yes
20230511090511,http://web.archive.org/web/20230511090511/https://www.foxnews.com/category/us/crime,yes
20230512000856,http://web.archive.org/web/20230512000856/https://www.foxnews.com/category/us/crime,yes
20230512231051,http://web.archive.org/web/20230512231051/https://www.foxnews.com/category/us/crime,yes
20230513031800,http://web.archive.org/web/20230513031800/https://www.foxnews.com/category/us/crime,yes
20230514205322,http://web.archive.org/web/20230514205322/https://www.foxnews.com/category/us/crime,yes
20230516021918,http://web.archive.org/web/20230516021918/https://www.foxnews.com/category/us/crime,yes
20230516192524,http://web.archive.org/web/20230516192524/https://www.foxnews.com/category/us/crime,yes
20230517090828,http://web.archive.org/web/20230517090828/https://www.foxnews.com/category/us/crime,yes
20230518221517,http://web.archive.org/web/20230518221517/https://www.foxnews.com/category/us/crime,yes
20230520005822,http://web.archive.org/web/20230520005822/https://www.foxnews.com/category/us/crime,yes
20230521013147,http://web.archive.org/web/20230521013147/https://www.foxnews.com/category/us/crime,yes
20230522025606,http://web.archive.org/web/20230522025606/https://www.foxnews.com/category/us/crime,yes
20230522170309,http://web.archive.org/web/20230522170309/https://www.foxnews.com/category/us/crime,yes
20230523210241,http://web.archive.org/web/20230523210241/https://www.foxnews.com/category/us/crime,yes
20230524211831,http://web.archive.org/web/20230524211831/https://www.foxnews.com/category/us/crime,yes
20230525053518,http://web.archive.org/web/20230525053518/https://www.foxnews.com/category/us/crime,yes
20230527024414,http://web.archive.org/web/20230527024414/https://www.foxnews.com/category/us/crime,yes
20230527213608,http://web.archive.org/web/20230527213608/https://www.foxnews.com/category/us/crime,yes
20230528235306,http://web.archive.org/web/20230528235306/https://www.foxnews.com/category/us/crime,yes
20230530044357,http://web.archive.org/web/20230530044357/https://www.foxnews.com/category/us/crime,yes
20230531134135,http://web.archive.org/web/20230531134135/https://www.foxnews.com/category/us/crime,yes
20230601192303,http://web.archive.org/web/20230601192303/https://www.foxnews.com/category/us/crime,yes
20230602221936,http://web.archive.org/web/20230602221936/https://www.foxnews.com/category/us/crime,yes
20230603161850,http://web.archive.org/web/20230603161850/https://www.foxnews.com/category/us/crime,yes
20230605023848,http://web.archive.org/web/20230605023848/https://www.foxnews.com/category/us/crime,yes
20230605192710,http://web.archive.org/web/20230605192710/https://www.foxnews.com/category/us/crime,yes
20230607021642,http://web.archive.org/web/20230607021642/https://www.foxnews.com/category/us/crime,yes
20230608011910,http://web.archive.org/web/20230608011910/https://www.foxnews.com/category/us/crime,yes
20230608132057,http://web.archive.org/web/20230608132057/https://www.foxnews.com/category/us/crime,yes
20230610001715,http://web.archive.org/web/20230610001715/https://www.foxnews.com/category/us/crime,yes
20230610224420,http://web.archive.org/web/20230610224420/https://www.foxnews.com/category/us/crime,yes
20230611214949,http://web.archive.org/web/20230611214949/https://www.foxnews.com/category/us/crime,yes
20230613011749,http://web.archive.org/web/20230613011749/https://www.foxnews.com/category/us/crime,yes
20230613223701,http://web.archive.org/web/20230613223701/https://www.foxnews.com/category/us/crime,yes
20230614130945,http://web.archive.org/web/20230614130945/https://www.foxnews.com/category/us/crime,yes
20230615192815,http://web.archive.org/web/20230615192815/https://www.foxnews.com/category/us/crime,yes
20230616204307,http://web.archive.org/web/20230616204307/https://www.foxnews.com/category/us/crime,yes
20230617220729,http://web.archive.org/web/20230617220729/https://www.foxnews.com/category/us/crime,yes
20230618013003,http://web.archive.org/web/20230618013003/https://www.foxnews.com/category/us/crime,yes
20230619220145,http://web.archive.org/web/20230619220145/https://www.foxnews.com/category/us/crime,yes
20230620203630,http://web.archive.org/web/20230620203630/https://www.foxnews.com/category/us/crime,yes
20230621232223,http://web.archive.org/web/20230621232223/https://www.foxnews.com/category/us/crime,yes
20230623030352,http://web.archive.org/web/20230623030352/https://www.foxnews.com/category/us/crime,yes
20230624062927,http://web.archive.org/web/20230624062927/https://www.foxnews.com/category/us/crime,yes
20230625032248,http://web.archive.org/web/20230625032248/https://www.foxnews.com/category/us/crime,yes
20230625224527,http://web.archive.org/web/20230625224527/https://www.foxnews.com/category/us/crime,yes
20230627092832,http://web.archive.org/web/20230627092832/https://www.foxnews.com/category/us/crime,yes
20230628012123,http://web.archive.org/web/20230628012123/https://www.foxnews.com/category/us/crime,yes
20230629000007,http://web.archive.org/web/20230629000007/https://www.foxnews.com/category/us/crime,yes
20230630000542,http://web.archive.org/web/20230630000542/https://www.foxnews.com/category/us/crime,yes
20230630230225,http://web.archive.org/web/20230630230225/https://www.foxnews.com/category/us/crime,yes
20230702053414,http://web.archive.org/web/20230702053414/https://www.foxnews.com/category/us/crime,yes
20230703091636,http://web.archive.org/web/20230703091636/https://www.foxnews.com/category/us/crime,yes
20230703222520,http://web.archive.org/web/20230703222520/https://www.foxnews.com/category/us/crime,yes
20230705003657,http://web.archive.org/web/20230705003657/https://www.foxnews.com/category/us/crime,yes
20230705180801,http://web.archive.org/web/20230705180801/https://www.foxnews.com/category/us/crime,yes
20230707075623,http://web.archive.org/web/20230707075623/https://www.foxnews.com/category/us/crime,yes
20230707150443,http://web.archive.org/web/20230707150443/https://www.foxnews.com/category/us/crime,yes
20230708085450,http://web.archive.org/web/20230708085450/https://www.foxnews.com/category/us/crime,yes
20230710035215,http://web.archive.org/web/20230710035215/https://www.foxnews.com/category/us/crime,yes
20230710173135,http://web.archive.org/web/20230710173135/https://www.foxnews.com/category/us/crime,yes
20230712072102,http://web.archive.org/web/20230712072102/https://www.foxnews.com/category/us/crime,yes
20230712190928,http://web.archive.org/web/20230712190928/https://www.foxnews.com/category/us/crime,yes
20230714061245,http://web.archive.org/web/20230714061245/https://www.foxnews.com/category/us/crime,yes
20230714204346,http://web.archive.org/web/20230714204346/https://www.foxnews.com/category/us/crime,yes
20230715143947,http://web.archive.org/web/20230715143947/https://www.foxnews.com/category/us/crime,yes
20230717024111,http://web.archive.org/web/20230717024111/https://www.foxnews.com/category/us/crime,yes
20230717190248,http://web.archive.org/web/20230717190248/https://www.foxnews.com/category/us/crime,yes
20230718114050,http://web.archive.org/web/20230718114050/https://www.foxnews.com/category/us/crime,yes
20230720000626,http://web.archive.org/web/20230720000626/https://www.foxnews.com/category/us/crime,yes
20230720235305,http://web.archive.org/web/20230720235305/https://www.foxnews.com/category/us/crime,yes
20230721210638,http://web.archive.org/web/20230721210638/https://www.foxnews.com/category/us/crime,yes
20230722233658,http://web.archive.org/web/20230722233658/https://www.foxnews.com/category/us/crime,yes
20230724000548,http://web.archive.org/web/20230724000548/https://www.foxnews.com/category/us/crime,yes
20230725002320,http://web.archive.org/web/20230725002320/https://www.foxnews.com/category/us/crime,yes
20230725235117,http://web.archive.org/web/20230725235117/https://www.foxnews.com/category/us/crime,yes
20230726230831,http://web.archive.org/web/20230726230831/https://www.foxnews.com/category/us/crime,yes
20230727230630,http://web.archive.org/web/20230727230630/https://www.foxnews.com/category/us/crime,yes
20230728235223,http://web.archive.org/web/20230728235223/https://www.foxnews.com/category/us/crime,yes
20230729102137,http://web.archive.org/web/20230729102137/https://www.foxnews.com/category/us/crime,yes
20230730102106,http://web.archive.org/web/20230730102106/https://www.foxnews.com/category/us/crime,yes
20230731015111,http://web.archive.org/web/20230731015111/https://www.foxnews.com/category/us/crime,yes
20230802002217,http://web.archive.org/web/20230802002217/https://www.foxnews.com/category/us/crime,yes
20230802232342,http://web.archive.org/web/20230802232342/https://www.foxnews.com/category/us/crime,yes
20230803232312,http://web.archive.org/web/20230803232312/https://www.foxnews.com/category/us/crime,yes
20230804230735,http://web.archive.org/web/20230804230735/https://www.foxnews.com/category/us/crime,yes
20230805232303,http://web.archive.org/web/20230805232303/https://www.foxnews.com/category/us/crime,yes
20230806235236,http://web.archive.org/web/20230806235236/https://www.foxnews.com/category/us/crime,yes
20230808000418,http://web.archive.org/web/20230808000418/https://www.foxnews.com/category/us/crime,yes
20230809083131,http://web.archive.org/web/20230809083131/https://www.foxnews.com/category/us/crime,yes
20230810065052,http://web.archive.org/web/20230810065052/https://www.foxnews.com/category/us/crime,yes
20230811063428,http://web.archive.org/web/20230811063428/https://www.foxnews.com/category/us/crime,yes
20230811185432,http://web.archive.org/web/20230811185432/https://www.foxnews.com/category/us/crime,yes
20230812181326,http://web.archive.org/web/20230812181326/https://www.foxnews.com/category/us/crime,yes
20230813170033,http://web.archive.org/web/20230813170033/https://www.foxnews.com/category/us/crime,yes
20230815012654,http://web.archive.org/web/20230815012654/https://www.foxnews.com/category/us/crime,yes
20230815155407,http://web.archive.org/web/20230815155407/https://www.foxnews.com/category/us/crime,yes
20230816233812,http://web.archive.org/web/20230816233812/https://www.foxnews.com/category/us/crime,yes
20230817235702,http://web.archive.org/web/20230817235702/https://www.foxnews.com/category/us/crime,yes
20230818235056,http://web.archive.org/web/20230818235056/https://www.foxnews.com/category/us/crime,yes
20230820000923,http://web.archive.org/web/20230820000923/https://www.foxnews.com/category/us/crime,yes
20230820230832,http://web.archive.org/web/20230820230832/https://www.foxnews.com/category/us/crime,yes
20230821230905,http://web.archive.org/web/20230821230905/https://www.foxnews.com/category/us/crime,yes
20230822230509,http://web.archive.org/web/20230822230509/https://www.foxnews.com/category/us/crime,yes
20230823235344,http://web.archive.org/web/20230823235344/https://www.foxnews.com/category/us/crime,yes
20230824233855,http://web.archive.org/web/20230824233855/https://www.foxnews.com/category/us/crime,yes
20230825120738,http://web.archive.org/web/20230825120738/https://www.foxnews.com/category/us/crime,yes
20230826233855,http://web.archive.org/web/20230826233855/https://www.foxnews.com/category/us/crime,yes
20230827130645,http://web.archive.org/web/20230827130645/https://www.foxnews.com/category/us/crime,yes
20230828175551,http://web.archive.org/web/20230828175551/https://www.foxnews.com/category/us/crime,yes
20230829050627,http://web.archive.org/web/20230829050627/https://www.foxnews.com/category/us/crime,yes
20230830210744,http://web.archive.org/web/20230830210744/https://www.foxnews.com/category/us/crime,yes
20230831233758,http://web.archive.org/web/20230831233758/https://www.foxnews.com/category/us/crime,yes
20230901234046,http://web.archive.org/web/20230901234046/https://www.foxnews.com/category/us/crime,yes
20230902233353,http://web.archive.org/web/20230902233353/https://www.foxnews.com/category/us/crime,yes
20230903002109,http://web.archive.org/web/20230903002109/https://www.foxnews.com/category/us/crime,yes
20230904230930,http://web.archive.org/web/20230904230930/https://www.foxnews.com/category/us/crime,yes
20230905230956,http://web.archive.org/web/20230905230956/https://www.foxnews.com/category/us/crime,yes
20230906233745,http://web.archive.org/web/20230906233745/https://www.foxnews.com/category/us/crime,yes
20230907232247,http://web.archive.org/web/20230907232247/https://www.foxnews.com/category/us/crime,yes
20230909014606,http://web.archive.org/web/20230909014606/https://www.foxnews.com/category/us/crime,yes
20230909225155,http://web.archive.org/web/20230909225155/https://www.foxnews.com/category/us/crime,yes
20230910213708,http://web.archive.org/web/20230910213708/https://www.foxnews.com/category/us/crime,yes
20230911224429,http://web.archive.org/web/20230911224429/https://www.foxnews.com/category/us/crime,yes
20230912234225,http://web.archive.org/web/20230912234225/https://www.foxnews.com/category/us/crime,yes
20230913222625,http://web.archive.org/web/20230913222625/https://www.foxnews.com/category/us/crime,yes
20230914212953,http://web.archive.org/web/20230914212953/https://www.foxnews.com/category/us/crime,yes
20230915174252,http://web.archive.org/web/20230915174252/https://www.foxnews.com/category/us/crime,yes
20230916184519,http://web.archive.org/web/20230916184519/https://www.foxnews.com/category/us/crime,yes
20230917234414,http://web.archive.org/web/20230917234414/https://www.foxnews.com/category/us/crime,yes
20230919031536,http://web.archive.org/web/20230919031536/https://www.foxnews.com/category/us/crime,yes
20230920000009,http://web.archive.org/web/20230920000009/https://www.foxnews.com/category/us/crime,yes
20230920174947,http://web.archive.org/web/20230920174947/https://www.foxnews.com/category/us/crime,yes
20230921052954,http://web.archive.org/web/20230921052954/https://www.foxnews.com/category/us/crime,yes
20230923000719,http://web.archive.org/web/20230923000719/https://www.foxnews.com/category/us/crime,yes
20230924002053,http://web.archive.org/web/20230924002053/https://www.foxnews.com/category/us/crime,yes
20230924231836,http://web.archive.org/web/20230924231836/https://www.foxnews.com/category/us/crime,yes
20230925190610,http://web.archive.org/web/20230925190610/https://www.foxnews.com/category/us/crime,yes
20230926233724,http://web.archive.org/web/20230926233724/https://www.foxnews.com/category/us/crime,yes
20230927235135,http://web.archive.org/web/20230927235135/https://www.foxnews.com/category/us/crime,yes
20230928235702,http://web.archive.org/web/20230928235702/https://www.foxnews.com/category/us/crime,yes
20230930224033,http://web.archive.org/web/20230930224033/https://www.foxnews.com/category/us/crime,yes
20231001172610,http://web.archive.org/web/20231001172610/https://www.foxnews.com/category/us/crime,yes
20231002235217,http://web.archive.org/web/20231002235217/https://www.foxnews.com/category/us/crime,yes
20231003150558,http://web.archive.org/web/20231003150558/https://www.foxnews.com/category/us/crime,yes
20231005000949,http://web.archive.org/web/20231005000949/https://www.foxnews.com/category/us/crime,yes
20231005173601,http://web.archive.org/web/20231005173601/https://www.foxnews.com/category/us/crime,yes
20231006233757,http://web.archive.org/web/20231006233757/https://www.foxnews.com/category/us/crime,yes
20231007074421,http://web.archive.org/web/20231007074421/https://www.foxnews.com/category/us/crime,yes
20231009002743,http://web.archive.org/web/20231009002743/https://www.foxnews.com/category/us/crime,yes
20231009230651,http://web.archive.org/web/20231009230651/https://www.foxnews.com/category/us/crime,yes
20231010071416,http://web.archive.org/web/20231010071416/https://www.foxnews.com/category/us/crime,yes
20231012000654,http://web.archive.org/web/20231012000654/https://www.foxnews.com/category/us/crime,yes
20231012084448,http://web.archive.org/web/20231012084448/https://www.foxnews.com/category/us/crime,yes
20231014002259,http://web.archive.org/web/20231014002259/https://www.foxnews.com/category/us/crime,yes
20231014224831,http://web.archive.org/web/20231014224831/https://www.foxnews.com/category/us/crime,yes
20231016003804,http://web.archive.org/web/20231016003804/https://www.foxnews.com/category/us/crime,yes
20231016225204,http://web.archive.org/web/20231016225204/https://www.foxnews.com/category/us/crime,yes
20231017235258,http://web.archive.org/web/20231017235258/https://www.foxnews.com/category/us/crime,yes
20231018235256,http://web.archive.org/web/20231018235256/https://www.foxnews.com/category/us/crime,yes
20231019132124,http://web.archive.org/web/20231019132124/https://www.foxnews.com/category/us/crime,yes
20231020233811,http://web.archive.org/web/20231020233811/https://www.foxnews.com/category/us/crime,yes
20231021233654,http://web.archive.org/web/20231021233654/https://www.foxnews.com/category/us/crime,yes
20231022160533,http://web.archive.org/web/20231022160533/https://www.foxnews.com/category/us/crime,yes
20231023231854,http://web.archive.org/web/20231023231854/https://www.foxnews.com/category/us/crime,yes
20231024010842,http://web.archive.org/web/20231024010842/https://www.foxnews.com/category/us/crime,yes
20231025235515,http://web.archive.org/web/20231025235515/https://www.foxnews.com/category/us/crime,yes
20231026141003,http://web.archive.org/web/20231026141003/https://www.foxnews.com/category/us/crime,yes
20231028000711,http://web.archive.org/web/20231028000711/https://www.foxnews.com/category/us/crime,yes
20231029000554,http://web.archive.org/web/20231029000554/https://www.foxnews.com/category/us/crime,yes
20231030002407,http://web.archive.org/web/20231030002407/https://www.foxnews.com/category/us/crime,yes
20231030233429,http://web.archive.org/web/20231030233429/https://www.foxnews.com/category/us/crime,yes
20231031141947,http://web.archive.org/web/20231031141947/https://www.foxnews.com/category/us/crime,yes
20231101235258,http://web.archive.org/web/20231101235258/https://www.foxnews.com/category/us/crime,yes
20231102163814,http://web.archive.org/web/20231102163814/https://www.foxnews.com/category/us/crime,yes
20231103225536,http://web.archive.org/web/20231103225536/https://www.foxnews.com/category/us/crime,yes
20231104233712,http://web.archive.org/web/20231104233712/https://www.foxnews.com/category/us/crime,yes
20231105233444,http://web.archive.org/web/20231105233444/https://www.foxnews.com/category/us/crime,yes
20231106233956,http://web.archive.org/web/20231106233956/https://www.foxnews.com/category/us/crime,yes
20231107235058,http://web.archive.org/web/20231107235058/https://www.foxnews.com/category/us/crime,yes
20231108165157,http://web.archive.org/web/20231108165157/https://www.foxnews.com/category/us/crime,yes
20231109233822,http://web.archive.org/web/20231109233822/https://www.foxnews.com/category/us/crime,yes
20231110233549,http://web.archive.org/web/20231110233549/https://www.foxnews.com/category/us/crime,yes
20231112002208,http://web.archive.org/web/20231112002208/https://www.foxnews.com/category/us/crime,yes
20231112113216,http://web.archive.org/web/20231112113216/https://www.foxnews.com/category/us/crime,yes
20231114000746,http://web.archive.org/web/20231114000746/https://www.foxnews.com/category/us/crime,yes
20231114232518,http://web.archive.org/web/20231114232518/https://www.foxnews.com/category/us/crime,yes
20231115235228,http://web.archive.org/web/20231115235228/https://www.foxnews.com/category/us/crime,yes
20231117002419,http://web.archive.org/web/20231117002419/https://www.foxnews.com/category/us/crime,yes
20231117225518,http://web.archive.org/web/20231117225518/https://www.foxnews.com/category/us/crime,yes
20231118235230,http://web.archive.org/web/20231118235230/https://www.foxnews.com/category/us/crime,yes
20231119233530,http://web.archive.org/web/20231119233530/https://www.foxnews.com/category/us/crime,yes
20231120130827,http://web.archive.org/web/20231120130827/https://www.foxnews.com/category/us/crime,yes
20231121234929,http://web.archive.org/web/20231121234929/https://www.foxnews.com/category/us/crime,yes
20231122151154,http://web.archive.org/web/20231122151154/https://www.foxnews.com/category/us/crime,yes
20231123060908,http://web.archive.org/web/20231123060908/https://www.foxnews.com/category/us/crime,yes
20231125000533,http://web.archive.org/web/20231125000533/https://www.foxnews.com/category/us/crime,yes
20231125025032,http://web.archive.org/web/20231125025032/https://www.foxnews.com/category/us/crime,yes
20231126235643,http://web.archive.org/web/20231126235643/https://www.foxnews.com/category/us/crime,yes
20231127005231,http://web.archive.org/web/20231127005231/https://www.foxnews.com/category/us/crime,yes
20231129000643,http://web.archive.org/web/20231129000643/https://www.foxnews.com/category/us/crime,yes
20231129233708,http://web.archive.org/web/20231129233708/https://www.foxnews.com/category/us/crime,yes
20231130181914,http://web.archive.org/web/20231130181914/https://www.foxnews.com/category/us/crime,yes
20231202002204,http://web.archive.org/web/20231202002204/https://www.foxnews.com/category/us/crime,yes
20231202235125,http://web.archive.org/web/20231202235125/https://www.foxnews.com/category/us/crime,yes
20231203205342,http://web.archive.org/web/20231203205342/https://www.foxnews.com/category/us/crime,yes
20231205000521,http://web.archive.org/web/20231205000521/https://www.foxnews.com/category/us/crime,yes
20231205232535,http://web.archive.org/web/20231205232535/https://www.foxnews.com/category/us/crime,yes
20231207045053,http://web.archive.org/web/20231207045053/https://www.foxnews.com/category/us/crime,yes
20231208054712,http://web.archive.org/web/20231208054712/https://www.foxnews.com/category/us/crime,yes
20231210070413,http://web.archive.org/web/20231210070413/https://www.foxnews.com/category/us/crime,yes
20231210193614,http://web.archive.org/web/20231210193614/https://www.foxnews.com/category/us/crime,yes
20231213093624,http://web.archive.org/web/20231213093624/https://www.foxnews.com/category/us/crime,yes
20231214124150,http://web.archive.org/web/20231214124150/https://www.foxnews.com/category/us/crime,yes
20231215095354,http://web.archive.org/web/20231215095354/https://www.foxnews.com/category/us/crime,yes
20231216100739,http://web.archive.org/web/20231216100739/https://www.foxnews.com/category/us/crime,yes
20231217232101,http://web.archive.org/web/20231217232101/https://www.foxnews.com/category/us/crime,yes
20231218232111,http://web.archive.org/web/20231218232111/https://www.foxnews.com/category/us/crime,yes
20231219233959,http://web.archive.org/web/20231219233959/https://www.foxnews.com/category/us/crime,yes
20231220233712,http://web.archive.org/web/20231220233712/https://www.foxnews.com/category/us/crime,yes
20231221233959,http://web.archive.org/web/20231221233959/https://www.foxnews.com/category/us/crime,yes
20231222185401,http://web.archive.org/web/20231222185401/https://www.foxnews.com/category/us/crime,yes
20231225005245,http://web.archive.org/web/20231225005245/https://www.foxnews.com/category/us/crime,yes
20231226005239,http://web.archive.org/web/20231226005239/https://www.foxnews.com/category/us/crime,yes
20231227002148,http://web.archive.org/web/20231227002148/https://www.foxnews.com/category/us/crime,yes
20231227234808,http://web.archive.org/web/20231227234808/https://www.foxnews.com/category/us/crime,yes
20231228235440,http://web.archive.org/web/20231228235440/https://www.foxnews.com/category/us/crime,yes
20231229225215,http://web.archive.org/web/20231229225215/https://www.foxnews.com/category/us/crime,yes
20231231003701,http://web.archive.org/web/20231231003701/https://www.foxnews.com/category/us/crime,yes
20231231234943,http://web.archive.org/web/20231231234943/https://www.foxnews.com/category/us/crime,yes
